Income,Recency,Age,TotalSpendings,Children,MonthEnrollement
58138.0,58,65,1617,0,117
46344.0,38,68,27,2,89
71613.0,26,57,776,0,101
26646.0,26,38,53,1,87
58293.0,94,41,422,1,96
62513.0,16,55,716,1,100
55635.0,34,51,590,1,110
33454.0,32,37,169,1,101
30351.0,19,48,46,1,103
5648.0,68,72,49,2,94
7500.0,59,46,61,0,110
63033.0,82,63,1102,0,98
59354.0,53,70,310,2,98
17323.0,38,35,46,0,111
82800.0,23,76,1315,0,110
41850.0,51,42,96,2,109
37760.0,20,76,317,0,113
76995.0,91,73,1782,1,106
33812.0,86,37,133,1,118
37040.0,41,40,316,0,113
2447.0,42,43,1730,1,103
58607.0,63,73,972,1,109
65324.0,0,68,544,1,86
40689.0,69,71,444,1,106
18589.0,89,53,75,0,107
53359.0,4,46,257,2,104
38360.0,26,33,131,1,104
84618.0,96,57,1672,0,98
10979.0,34,33,30,0,92
38620.0,56,59,318,0,98
40548.0,31,52,120,1,111
46610.0,8,70,302,2,111
68657.0,4,76,1196,0,107
49389.0,55,71,65,2,101
67353.0,37,52,913,1,97
23718.0,76,46,81,1,107
42429.0,99,49,67,1,86
48948.0,53,79,902,0,108
80011.0,3,42,1395,1,105
20559.0,88,37,53,1,97
21994.0,4,65,22,1,109
7500.0,19,47,31,1,107
79941.0,72,46,984,0,91
7500.0,24,26,122,0,112
41728.0,92,54,55,1,104
72550.0,39,68,1319,2,113
65486.0,29,65,507,1,85
79143.0,2,58,1693,0,110
35790.0,54,45,72,1,107
82582.0,54,45,1617,0,90
66373.0,57,44,606,2,97
82384.0,55,67,1957,0,110
70287.0,30,56,1093,0,107
27938.0,31,34,29,1,93
55954.0,63,54,518,1,94
75777.0,12,40,1438,0,105
66653.0,18,47,612,2,114
61823.0,26,70,884,1,107
67680.0,8,71,606,1,98
70666.0,29,74,1076,0,103
25721.0,75,51,34,1,104
32474.0,0,55,11,2,86
88194.0,19,43,1274,1,94
69096.0,4,64,653,1,100
74854.0,90,52,1562,3,101
66991.0,1,68,1253,0,110
65031.0,29,63,863,1,106
60631.0,88,47,661,2,104
28332.0,58,70,65,0,93
40246.0,68,45,13,1,109
75251.0,34,50,1890,0,113
75825.0,40,46,2209,0,109
26326.0,12,46,18,0,105
56046.0,9,57,692,0,107
29760.0,87,37,165,1,113
26304.0,5,53,16,1,103
23559.0,87,49,79,1,106
38620.0,56,59,318,0,98
81361.0,18,35,778,0,95
29440.0,95,62,56,2,98
36138.0,48,52,151,2,102
50388.0,3,65,372,1,92
79593.0,70,49,1366,0,85
54178.0,79,55,194,1,96
42394.0,69,50,32,1,94
23626.0,84,52,43,1,92
30096.0,30,39,45,1,92
47916.0,72,62,606,1,110
51813.0,37,50,63,2,98
78497.0,44,71,978,0,108
50150.0,32,39,410,0,103
47823.0,0,62,72,1,102
34554.0,43,63,55,1,94
85693.0,59,43,1169,1,105
65846.0,68,77,1120,0,104
87195.0,35,63,1097,0,89
24594.0,94,43,29,1,99
49096.0,15,58,187,2,100
52413.0,56,53,910,2,107
38557.0,17,44,145,1,109
89058.0,18,62,850,0,114
77298.0,46,43,969,1,107
68126.0,40,31,1820,0,111
57288.0,27,59,608,1,91
86037.0,95,31,730,0,107
43974.0,19,42,551,1,109
50785.0,27,60,114,2,99
90765.0,25,52,1724,0,96
36550.0,74,44,577,1,107
30753.0,85,55,81,2,98
21918.0,37,53,33,1,98
56129.0,65,69,660,1,103
32557.0,13,55,80,1,95
19510.0,63,37,30,2,105
30992.0,83,46,43,1,105
101970.0,69,39,1135,0,97
71488.0,87,57,559,0,107
79607.0,37,38,1923,0,105
54348.0,51,69,90,2,89
77376.0,72,66,661,2,87
62998.0,10,70,463,1,100
61331.0,42,64,632,2,99
73448.0,10,53,725,0,87
41551.0,51,58,279,2,101
62981.0,21,55,1482,0,106
9548.0,31,46,29,1,113
33762.0,61,63,106,3,102
35860.0,37,49,49,2,92
36921.0,74,57,38,2,102
92859.0,46,30,2077,0,111
65104.0,4,46,1053,1,98
86111.0,73,60,1385,0,105
68352.0,47,48,871,1,101
41883.0,13,34,312,1,106
59809.0,36,46,877,2,111
23957.0,47,47,68,1,111
38547.0,49,41,22,1,101
35688.0,94,49,211,3,113
49605.0,65,56,127,0,91
59354.0,59,69,459,2,93
65747.0,96,53,460,1,90
46344.0,28,50,429,1,109
34176.0,12,34,89,1,85
61010.0,57,70,1021,1,112
69372.0,10,73,1381,0,107
49967.0,4,64,306,1,101
60199.0,49,44,18,3,97
55375.0,3,45,162,1,99
80317.0,64,67,1231,0,101
30523.0,0,64,13,3,108
70356.0,20,77,1706,0,116
23228.0,91,38,121,1,92
74165.0,9,47,1293,0,108
43482.0,83,56,88,3,98
62551.0,27,69,421,0,98
52332.0,63,63,259,0,101
66951.0,46,34,1117,0,107
26091.0,84,65,89,2,95
33456.0,58,57,36,2,93
28718.0,78,40,57,1,102
50447.0,4,52,148,2,93
53537.0,17,63,93,2,96
52074.0,77,55,119,1,93
80427.0,56,47,1835,1,109
83837.0,79,74,1318,0,109
38853.0,90,52,45,2,92
38285.0,96,63,10,3,91
78497.0,44,71,978,0,108
51650.0,81,46,191,1,86
16248.0,77,34,57,1,87
66835.0,21,76,1033,0,100
30477.0,16,38,66,1,96
28249.0,80,61,43,0,91
25271.0,45,39,50,1,116
32303.0,63,52,39,1,89
61286.0,34,56,608,1,107
74068.0,14,46,1581,0,106
45759.0,13,58,68,2,107
24882.0,52,44,80,1,112
66973.0,98,33,1282,0,104
38872.0,93,34,91,1,104
51148.0,38,49,315,2,107
31353.0,24,45,31,2,97
69661.0,80,42,834,0,92
80067.0,82,68,1600,0,100
86718.0,20,68,1270,0,108
46854.0,81,49,263,2,94
69142.0,50,70,535,1,91
75922.0,60,54,1295,0,100
63693.0,63,44,1150,1,99
102160.0,54,45,1240,0,119
40637.0,72,57,38,2,102
18890.0,5,38,35,0,111
29604.0,88,34,53,1,101
48721.0,50,59,293,2,104
44794.0,99,56,65,1,89
64497.0,17,68,1804,1,111
46097.0,11,66,241,1,106
77972.0,18,68,1101,0,94
44377.0,70,54,264,2,116
46014.0,21,48,541,2,108
70951.0,66,37,1198,0,105
41443.0,79,45,482,1,96
52195.0,2,44,17,3,85
83790.0,81,74,1615,0,98
44551.0,24,68,285,1,101
69508.0,48,42,1135,1,110
45204.0,93,34,114,1,86
72460.0,56,53,1047,0,98
77622.0,3,52,714,2,93
30732.0,44,42,185,1,104
63887.0,38,60,1245,1,113
42011.0,46,44,189,1,106
51369.0,84,46,576,1,111
51537.0,27,70,1103,1,112
79930.0,72,50,1753,0,113
34320.0,66,36,17,1,95
37070.0,30,56,433,2,106
81975.0,2,60,1588,1,104
38590.0,65,51,22,1,104
15033.0,37,71,19,0,93
62745.0,89,57,1117,1,106
22212.0,49,47,69,1,100
23661.0,46,40,23,1,105
79761.0,32,64,605,1,105
7500.0,54,49,57,1,97
73455.0,98,54,2088,0,99
64961.0,97,64,1009,1,109
22804.0,75,51,26,1,102
73687.0,8,32,1627,0,98
61074.0,37,64,1102,1,113
31686.0,31,58,17,2,92
80134.0,40,50,1690,1,104
75027.0,74,69,1390,1,100
67546.0,90,34,2126,0,113
65176.0,57,53,1531,1,111
31160.0,59,47,64,1,100
29938.0,52,37,26,1,99
102692.0,5,48,1112,0,104
26490.0,92,64,210,0,112
75702.0,77,55,1148,2,113
30899.0,35,48,33,1,111
63342.0,48,61,1101,1,111
45989.0,97,58,322,1,111
18701.0,95,58,44,2,105
40737.0,24,65,17,3,101
15287.0,60,43,31,1,111
69674.0,46,54,845,2,104
44159.0,85,52,275,1,91
37717.0,31,44,25,1,110
43776.0,9,70,275,2,106
38179.0,30,56,90,2,106
80124.0,47,59,1495,0,91
38097.0,70,52,184,2,111
72940.0,13,52,981,0,103
22070.0,11,52,67,1,105
69267.0,31,69,1635,0,112
31788.0,15,39,60,1,94
61905.0,2,47,231,1,93
29315.0,55,62,48,2,91
33378.0,38,59,99,2,103
66313.0,86,59,770,1,100
60714.0,56,66,957,0,108
77882.0,29,41,818,0,93
69867.0,30,36,925,0,107
63841.0,64,54,908,1,105
24480.0,46,41,102,1,98
51369.0,84,46,576,1,111
37760.0,20,76,317,0,113
65640.0,74,48,461,1,96
44319.0,18,47,37,2,93
30631.0,75,48,70,1,97
75278.0,17,70,930,0,108
50898.0,88,66,859,2,101
79946.0,19,56,1478,0,85
35416.0,62,73,390,0,103
32414.0,11,38,52,0,105
38361.0,74,53,137,1,97
82497.0,32,42,1919,0,111
16626.0,76,51,68,2,96
29672.0,6,57,25,2,97
55951.0,62,70,1374,1,113
35388.0,20,34,32,1,102
42386.0,43,36,100,1,108
68627.0,45,40,825,0,97
57912.0,34,57,916,1,94
35246.0,53,64,62,2,93
58821.0,44,66,728,1,97
46377.0,89,44,90,1,96
39747.0,43,34,273,1,93
23976.0,68,38,66,1,97
80950.0,44,61,1213,0,106
27038.0,64,56,107,0,112
77457.0,85,75,1157,0,92
64100.0,93,58,546,1,99
42670.0,12,30,241,0,105
12571.0,86,46,53,1,96
22574.0,28,55,37,3,99
70893.0,42,46,1508,0,103
54198.0,13,56,235,2,97
28839.0,86,66,32,2,86
40321.0,59,50,102,2,102
66503.0,30,37,401,1,113
30833.0,33,71,28,2,102
64795.0,23,51,680,1,108
34421.0,81,48,30,1,108
47025.0,6,57,20,2,88
64325.0,41,61,1307,1,102
40464.0,78,69,630,1,98
62187.0,49,65,1283,0,104
14849.0,39,46,65,1,107
27255.0,3,38,37,1,102
54432.0,37,72,38,3,100
29999.0,22,36,160,1,107
24072.0,79,39,23,1,105
33996.0,46,33,71,0,98
66334.0,82,66,1161,1,106
35178.0,10,51,59,1,99
22010.0,51,39,33,1,103
62204.0,38,62,946,2,109
75693.0,10,54,1442,0,115
30675.0,14,50,62,1,109
83003.0,18,57,1674,0,106
68655.0,95,34,1538,0,111
41411.0,11,36,139,0,102
55212.0,65,53,1182,1,110
59292.0,71,72,507,1,103
27190.0,13,49,18,1,101
82623.0,58,70,940,0,99
44300.0,65,57,42,2,103
84835.0,0,52,1190,0,91
30372.0,33,51,44,2,109
33181.0,90,46,16,1,94
71113.0,95,65,835,1,97
71952.0,93,36,1443,1,99
69759.0,38,56,1029,0,99
72099.0,18,48,1188,0,111
60000.0,57,46,1277,1,109
38643.0,45,44,49,2,98
50737.0,61,67,99,1,98
68462.0,6,53,1670,0,109
65073.0,65,79,900,0,101
46681.0,52,74,425,2,101
78618.0,87,65,2153,0,112
62187.0,38,53,636,1,94
28442.0,53,44,57,2,95
37717.0,31,44,25,1,110
51479.0,67,55,494,2,109
54803.0,65,53,693,1,113
79530.0,64,62,1348,0,104
31615.0,82,46,51,1,106
72025.0,27,60,1932,0,110
52614.0,63,47,990,1,120
35684.0,66,38,30,1,93
48178.0,69,47,254,2,111
29548.0,52,52,29,1,101
63810.0,45,56,1371,1,110
38578.0,2,50,73,2,103
46098.0,86,47,120,2,113
22585.0,23,52,81,0,106
30279.0,13,33,37,1,109
66426.0,14,61,1377,1,107
30822.0,92,53,51,1,103
33581.0,38,53,17,2,101
19986.0,74,37,22,1,98
27421.0,14,68,324,0,109
35688.0,94,49,211,3,113
36143.0,33,41,19,1,94
10245.0,32,51,41,1,104
43795.0,11,54,492,1,99
63381.0,78,62,1005,1,116
38823.0,56,73,114,1,113
83664.0,57,54,1173,2,101
90300.0,7,43,1738,0,94
62499.0,0,43,222,1,100
74293.0,66,29,1127,0,93
51012.0,86,76,209,0,105
70777.0,80,54,787,1,95
68682.0,56,31,1598,0,103
43824.0,18,51,186,2,112
15345.0,51,38,47,1,113
23442.0,71,35,27,1,109
14515.0,71,42,96,1,112
31395.0,80,66,64,2,106
75276.0,2,57,1040,0,112
42373.0,83,48,163,2,101
30507.0,29,62,343,0,98
55521.0,11,67,446,3,99
48006.0,55,57,41,2,88
27213.0,19,50,70,1,113
65808.0,1,51,272,2,92
30351.0,19,48,46,1,103
50437.0,28,59,490,2,111
23616.0,76,40,79,1,110
53858.0,50,46,915,1,112
66465.0,1,67,1485,1,106
46923.0,90,35,369,1,113
75072.0,83,60,1073,1,108
75865.0,73,79,1242,0,94
19789.0,24,47,78,1,98
80134.0,11,28,1378,0,95
91065.0,33,41,1474,0,107
49505.0,4,51,751,2,104
37401.0,14,49,48,1,91
30096.0,30,39,45,1,92
18492.0,75,40,10,1,92
82584.0,26,48,1435,0,105
93027.0,77,81,2119,0,105
48686.0,8,69,20,3,105
92910.0,42,36,1795,0,93
75433.0,28,33,1188,1,92
10404.0,52,33,43,1,93
61314.0,1,54,1008,1,105
84865.0,1,61,1688,0,100
42387.0,42,33,684,1,111
67309.0,76,55,1082,2,108
75236.0,27,58,1068,1,98
30015.0,28,52,57,1,95
50943.0,49,66,46,1,103
67272.0,12,56,733,1,97
51529.0,14,73,467,1,102
32011.0,89,51,122,1,101
7500.0,96,36,36,1,102
28691.0,56,33,34,1,105
56223.0,72,74,156,1,97
18100.0,14,76,14,0,103
30279.0,13,33,37,1,109
20130.0,99,48,34,0,94
23295.0,72,63,20,0,102
42618.0,92,50,192,1,100
81246.0,87,58,1379,0,97
24027.0,7,46,48,1,100
55707.0,91,69,428,1,97
57959.0,71,67,868,1,107
56796.0,24,53,1001,1,107
36230.0,17,51,59,1,99
70829.0,87,42,431,2,108
65991.0,21,46,971,1,114
38988.0,90,50,348,3,113
89572.0,44,56,2059,0,112
42207.0,71,38,265,1,108
50300.0,52,70,270,1,92
66664.0,78,40,1289,0,112
60597.0,2,58,893,1,96
70165.0,60,73,926,0,100
50520.0,25,64,135,1,96
80124.0,47,59,1495,0,91
33183.0,46,47,120,1,95
66582.0,83,53,1288,0,94
75261.0,17,67,1743,0,105
31880.0,13,52,15,1,111
53790.0,86,71,542,2,91
49269.0,92,51,890,1,113
61456.0,47,47,1388,1,106
37406.0,18,42,17,1,99
56937.0,81,41,906,1,117
38415.0,91,44,44,2,107
20518.0,58,34,25,1,92
62503.0,40,66,973,1,107
41644.0,67,50,31,2,88
55842.0,19,45,518,1,92
62010.0,93,50,530,1,111
41124.0,41,45,506,1,111
38961.0,60,49,70,1,97
37760.0,54,50,54,1,98
32233.0,26,48,296,1,113
43057.0,30,47,266,1,99
83151.0,93,62,747,0,111
78825.0,35,58,895,0,112
65104.0,4,46,1053,1,98
60093.0,92,48,735,1,103
14045.0,24,53,20,1,96
28457.0,96,70,205,0,111
78952.0,11,64,2092,1,112
46310.0,99,46,309,1,118
76005.0,72,67,1722,0,107
58308.0,77,58,900,1,97
55614.0,85,78,682,0,98
59432.0,88,60,663,1,105
55563.0,22,44,43,1,92
78642.0,83,51,1816,1,105
67911.0,63,73,976,1,92
65275.0,9,78,746,0,106
27203.0,92,72,64,2,115
48330.0,2,61,32,1,98
24279.0,6,32,263,0,109
64355.0,66,37,1445,1,113
50943.0,49,66,46,1,103
53653.0,29,69,1210,0,114
65665.0,77,46,945,1,107
81217.0,77,33,1157,0,102
34935.0,71,30,137,0,103
61250.0,49,63,730,1,109
39665.0,97,41,216,1,104
60152.0,6,43,943,1,106
48920.0,93,58,347,2,99
89120.0,78,63,1924,0,94
44124.0,62,76,397,1,98
81169.0,47,47,2089,0,105
36443.0,9,61,138,2,106
26095.0,77,32,42,1,103
71367.0,24,63,777,0,101
80184.0,19,78,1902,0,96
30630.0,67,57,52,2,96
73454.0,95,35,1651,0,96
42691.0,48,31,358,0,101
70503.0,73,69,1727,0,112
25545.0,35,35,210,1,113
32880.0,76,36,42,1,117
77863.0,20,64,1291,0,98
50353.0,72,45,442,0,89
61839.0,20,58,1895,0,109
49154.0,69,62,411,2,106
47682.0,80,47,521,1,107
72679.0,65,53,1168,1,100
57954.0,52,45,493,2,91
65316.0,65,60,260,2,105
28567.0,57,40,46,1,103
47352.0,70,71,319,1,98
44931.0,0,55,96,1,96
76982.0,19,55,1062,0,95
57247.0,50,70,232,1,101
22944.0,67,41,76,1,97
25315.0,46,45,54,1,102
43638.0,37,53,201,1,115
42710.0,38,38,406,1,110
84169.0,9,40,1919,0,102
54058.0,56,46,662,1,105
24683.0,98,32,41,1,89
85620.0,68,58,1600,0,90
47850.0,72,42,134,1,106
19514.0,47,54,69,2,96
27159.0,33,49,21,2,94
39548.0,87,59,54,2,94
21474.0,0,33,91,1,89
60504.0,73,51,526,1,90
22419.0,74,59,162,0,105
81698.0,4,73,1008,0,103
43462.0,50,70,240,2,109
54880.0,57,44,795,1,108
79908.0,30,40,1772,0,104
15315.0,27,52,64,0,106
87771.0,61,63,1957,1,104
33039.0,4,44,78,1,100
81741.0,75,42,1572,0,103
71499.0,12,51,795,1,103
62466.0,13,52,889,1,96
48799.0,9,59,331,1,104
52157.0,48,72,265,1,90
66565.0,80,60,1065,1,116
29298.0,60,71,11,2,102
47691.0,43,43,21,1,104
38200.0,19,52,17,2,114
44989.0,26,48,369,1,109
38443.0,58,54,38,2,96
38593.0,42,44,177,1,100
64413.0,27,52,279,1,108
36959.0,56,41,62,1,107
61996.0,27,45,1230,1,108
51287.0,10,54,182,2,96
13260.0,48,52,49,2,101
47472.0,39,56,75,2,100
54603.0,85,66,227,2,100
45207.0,64,48,215,2,111
40689.0,69,71,444,1,106
47821.0,54,55,47,2,99
27450.0,57,71,143,0,105
39453.0,64,39,55,1,94
26850.0,10,51,63,2,93
79800.0,65,67,1867,0,112
61794.0,74,61,611,1,100
53863.0,4,67,473,1,92
24221.0,94,63,55,0,101
39684.0,41,38,81,1,109
92163.0,25,47,2086,0,109
69882.0,94,57,1478,0,99
33178.0,9,45,49,1,96
59973.0,47,50,382,0,98
17459.0,12,47,69,1,100
23910.0,80,53,67,1,111
42169.0,20,53,30,2,99
26224.0,39,44,63,1,105
31089.0,57,41,79,1,113
30081.0,27,61,42,1,107
62807.0,83,62,819,1,113
72906.0,79,67,1151,0,100
61467.0,69,74,594,2,112
49618.0,77,56,129,2,108
21888.0,15,36,213,1,109
42429.0,99,49,67,1,86
26150.0,61,66,28,3,98
30801.0,23,47,45,1,111
81168.0,84,57,1193,0,90
26877.0,74,53,268,0,101
45006.0,90,78,266,0,102
18978.0,41,49,37,1,110
22574.0,28,55,37,3,99
48240.0,73,53,882,0,112
45837.0,88,48,373,2,102
35791.0,94,57,35,3,103
54162.0,31,44,42,2,106
30522.0,6,62,326,1,113
54456.0,23,61,404,1,98
31632.0,92,51,95,0,102
72298.0,52,73,939,0,87
36975.0,50,44,33,1,97
72635.0,54,67,981,0,106
13624.0,93,46,36,1,108
84196.0,56,47,1237,1,106
70971.0,28,62,1825,1,112
34487.0,94,45,103,2,115
28769.0,76,45,191,1,109
69084.0,43,52,1586,1,98
65488.0,46,64,963,0,91
62466.0,13,52,889,1,96
32218.0,27,62,93,0,95
83917.0,12,49,1587,0,105
46102.0,3,60,16,3,87
84574.0,72,70,1375,0,105
56181.0,6,60,393,1,101
63120.0,53,72,1477,1,112
73691.0,58,51,1179,1,103
63381.0,78,62,1005,1,116
76140.0,57,74,1348,0,92
62859.0,37,63,1307,1,109
45906.0,20,58,486,1,102
77632.0,73,75,2252,0,99
46463.0,56,51,235,2,101
105471.0,36,52,1724,0,108
55282.0,9,52,235,1,97
78710.0,42,45,1092,1,92
66886.0,28,64,599,1,100
98777.0,23,62,2008,0,95
29103.0,38,37,48,1,113
67445.0,63,48,1174,1,109
50616.0,71,72,67,1,93
49431.0,9,67,365,1,118
61278.0,87,69,165,1,93
26490.0,92,64,210,0,112
73059.0,36,75,1095,1,101
46734.0,86,56,223,3,99
56253.0,83,59,597,1,114
19986.0,74,37,22,1,98
58330.0,87,47,1064,1,97
25965.0,29,42,74,0,114
14661.0,88,66,26,0,108
18690.0,77,63,60,0,109
45068.0,25,48,20,1,104
21063.0,34,35,59,1,100
29187.0,43,54,34,1,100
54690.0,76,51,198,2,102
59304.0,81,58,1048,1,102
59247.0,87,60,574,2,101
66731.0,33,52,1029,1,109
77353.0,38,42,670,1,97
52614.0,63,47,990,1,120
26751.0,26,48,11,2,92
81300.0,17,59,1241,1,111
70337.0,75,43,576,0,95
36145.0,13,37,172,1,103
65295.0,19,42,664,0,97
68118.0,51,59,928,1,99
68743.0,81,55,2074,0,113
41039.0,32,40,467,0,102
38946.0,84,67,257,1,99
65777.0,87,55,1146,0,97
66476.0,99,46,689,1,102
86857.0,96,50,2114,0,109
77845.0,40,33,1346,0,92
69476.0,3,53,1044,0,100
50611.0,98,62,493,1,117
61209.0,73,52,957,0,101
42315.0,90,64,270,1,97
13084.0,29,70,29,0,107
47570.0,3,73,121,2,104
61923.0,94,61,126,2,102
34824.0,65,27,23,0,94
26518.0,33,73,57,2,101
45938.0,46,61,636,0,106
78468.0,29,62,1004,0,88
78901.0,99,49,734,1,100
71427.0,26,44,614,2,85
71022.0,30,44,1453,1,86
90247.0,27,34,1621,0,93
41335.0,24,54,187,1,97
71952.0,93,36,1443,1,99
35682.0,34,52,57,1,91
43185.0,88,71,637,1,99
66375.0,96,74,948,1,98
35178.0,10,51,59,1,99
25252.0,26,36,18,1,97
55250.0,49,57,903,1,111
33249.0,11,47,112,1,107
58398.0,44,69,596,0,104
50272.0,75,40,233,1,102
76618.0,64,47,1511,0,114
87305.0,19,62,1152,0,112
25851.0,45,44,48,1,98
58710.0,77,52,1185,1,106
45160.0,9,64,21,2,94
74806.0,1,57,965,1,109
59111.0,90,68,869,0,107
18988.0,43,38,16,1,92
72190.0,79,57,1947,0,107
7500.0,19,46,71,1,120
44794.0,99,56,65,1,89
80395.0,62,67,1380,0,98
75012.0,41,46,1027,0,96
56962.0,60,57,411,3,98
89891.0,17,31,836,0,105
35946.0,24,73,11,2,100
53593.0,60,69,480,2,114
66373.0,57,44,606,2,97
45072.0,74,74,284,3,99
89694.0,22,49,1472,2,100
72025.0,46,73,1677,0,93
67432.0,69,49,1335,1,106
70545.0,29,70,334,1,94
17487.0,37,33,18,1,106
62882.0,26,53,1338,1,112
64108.0,8,69,1099,1,106
34941.0,26,66,97,2,103
48767.0,79,72,63,3,96
38702.0,71,44,109,1,108
82224.0,83,58,902,0,96
83844.0,57,70,1574,0,97
17003.0,37,47,38,1,100
71163.0,30,27,960,0,88
33697.0,34,52,28,1,100
63564.0,0,68,1215,0,96
83443.0,89,50,1497,0,97
51518.0,92,64,449,1,106
58330.0,87,47,1064,1,97
80952.0,20,53,1757,0,107
75507.0,56,43,1440,0,95
63855.0,28,44,1006,0,100
62220.0,55,50,1226,1,110
58512.0,25,58,1171,1,100
40662.0,0,43,92,1,106
38829.0,86,63,99,1,91
35523.0,8,41,66,1,106
79146.0,33,55,564,2,93
78285.0,13,34,1427,0,99
31626.0,12,44,86,1,99
75127.0,92,70,833,0,92
48726.0,90,67,242,1,105
74985.0,8,45,1869,0,110
67430.0,6,35,1364,0,116
46891.0,91,57,183,1,108
62058.0,52,66,450,1,104
72063.0,3,43,758,1,106
78939.0,57,71,1507,0,97
42720.0,9,57,654,2,105
33622.0,22,50,81,2,105
6835.0,76,65,137,1,113
41452.0,86,69,16,2,103
40760.0,64,57,93,1,101
74250.0,90,64,1158,0,96
51124.0,79,67,43,2,97
72258.0,28,51,1525,1,97
71466.0,86,48,1230,0,92
36283.0,42,46,29,2,93
20587.0,39,52,25,1,86
30467.0,8,50,24,1,94
31590.0,40,50,38,1,103
20425.0,5,36,57,1,111
17144.0,96,62,47,2,95
42564.0,28,54,813,1,107
43783.0,22,44,629,1,92
40780.0,30,46,377,1,113
62847.0,45,77,1612,0,108
82017.0,58,65,729,0,114
16813.0,49,72,50,0,102
51267.0,37,44,270,2,99
46524.0,70,61,177,1,104
45183.0,33,60,315,0,108
70421.0,98,68,767,1,91
60161.0,17,57,1071,1,111
73926.0,54,49,1580,0,107
19329.0,39,54,60,1,97
61872.0,81,52,573,1,97
46984.0,71,66,41,2,106
34838.0,62,71,170,2,108
82716.0,8,78,1167,0,104
48192.0,76,64,1526,0,103
49681.0,66,46,458,2,105
56850.0,83,51,63,1,94
55267.0,28,65,405,1,99
59666.0,87,50,1027,2,106
72504.0,43,50,1478,1,103
26872.0,0,41,72,0,99
21359.0,1,50,48,1,105
73170.0,1,47,726,0,92
52750.0,72,67,860,1,105
91820.0,72,36,1497,0,98
65968.0,12,52,495,1,85
30772.0,89,46,20,2,85
22507.0,67,68,570,0,110
65685.0,54,50,769,1,94
25804.0,34,44,55,1,108
76412.0,15,42,1808,0,104
22063.0,43,50,55,1,101
57091.0,0,61,577,0,91
22419.0,74,59,162,0,105
87771.0,61,63,1957,1,104
78353.0,51,63,1576,1,105
93404.0,97,68,1616,3,102
37859.0,75,60,36,3,97
80995.0,83,64,1482,1,98
16529.0,23,38,22,1,96
55412.0,65,46,63,2,98
48789.0,94,30,680,0,111
56575.0,42,55,542,2,104
25130.0,10,42,50,1,107
35441.0,94,55,39,2,107
71391.0,50,66,1043,1,106
49494.0,46,50,385,1,105
81702.0,98,42,1633,0,112
45889.0,42,42,46,1,107
56628.0,30,45,761,1,94
34026.0,11,72,76,2,104
40049.0,61,48,290,1,110
34176.0,12,34,89,1,85
19419.0,76,41,70,1,111
82504.0,2,62,1066,0,102
81205.0,43,52,2009,0,96
61618.0,27,31,1345,0,112
55284.0,60,66,764,1,109
49980.0,79,59,195,1,99
15072.0,96,42,53,2,99
49166.0,17,48,368,1,103
65324.0,0,68,544,1,86
82347.0,38,65,1853,0,115
30843.0,43,56,35,2,92
46374.0,1,48,446,1,94
60474.0,25,43,1180,1,108
38576.0,2,49,41,1,93
55357.0,66,37,727,2,107
37758.0,49,56,40,2,117
85710.0,5,33,1062,0,104
23228.0,71,53,40,1,96
44602.0,35,53,292,2,95
7500.0,94,35,15,0,100
38683.0,80,33,341,1,117
49514.0,61,47,369,1,97
57906.0,29,49,401,1,98
43456.0,0,56,393,1,106
19485.0,80,36,10,2,100
53172.0,54,44,486,1,103
30545.0,71,43,69,1,111
70123.0,27,39,1727,0,100
62450.0,61,63,995,1,91
21675.0,55,46,45,1,86
42395.0,35,41,182,2,93
61346.0,34,44,989,1,103
80812.0,95,69,1677,0,100
42835.0,64,51,595,2,103
39922.0,30,39,156,1,107
86424.0,12,66,1226,0,92
17117.0,96,44,128,1,108
24762.0,16,50,86,1,87
35797.0,16,47,68,1,111
36627.0,78,47,16,2,102
51111.0,83,41,55,2,91
86857.0,96,50,2114,0,109
82072.0,67,52,2018,0,107
46231.0,87,69,263,3,110
42243.0,34,63,55,2,98
51195.0,46,60,564,2,108
68092.0,7,44,1281,0,97
31814.0,73,49,83,1,100
51390.0,54,57,353,2,113
76630.0,93,39,1003,0,96
26868.0,52,31,14,1,93
48948.0,53,79,902,0,108
55260.0,81,50,1139,1,109
64090.0,8,66,797,1,102
78331.0,97,64,1638,1,96
37087.0,50,48,401,1,98
21846.0,38,36,84,1,99
81320.0,61,64,928,0,103
54137.0,46,52,203,1,101
66825.0,73,55,858,0,102
57100.0,19,49,409,0,105
58917.0,10,53,282,3,106
85072.0,94,45,1423,0,88
86429.0,10,61,1449,0,98
45684.0,37,51,28,1,107
47889.0,94,48,67,1,93
45921.0,23,36,199,0,87
78420.0,75,56,1453,0,103
75114.0,40,30,1253,0,102
52278.0,24,59,1198,1,108
35641.0,11,50,178,1,102
95529.0,29,28,1990,0,118
62820.0,51,68,976,0,98
73113.0,86,62,1001,0,97
84169.0,9,40,1919,0,102
42607.0,30,68,350,1,98
74637.0,73,68,1650,0,104
46015.0,25,67,46,2,93
72354.0,67,29,1228,0,105
39858.0,67,53,95,1,108
34469.0,58,74,62,2,93
83033.0,82,36,1761,1,92
24401.0,98,43,467,0,113
77583.0,93,44,1149,0,87
74116.0,53,40,2052,0,97
74293.0,66,29,1127,0,93
68397.0,6,46,1416,1,98
79632.0,42,48,1113,0,89
46107.0,78,33,125,1,87
64950.0,29,71,966,1,109
25443.0,82,33,32,1,109
75127.0,92,70,833,0,92
32892.0,78,51,46,1,92
71796.0,54,51,960,0,99
67536.0,45,52,1829,1,104
55239.0,59,51,779,1,102
60554.0,8,47,811,1,100
64831.0,51,70,1120,2,99
56067.0,51,60,725,1,102
82025.0,76,39,1187,0,104
94384.0,62,69,2302,0,105
14906.0,86,36,66,0,109
51563.0,60,35,1250,0,120
57937.0,56,40,683,1,95
68274.0,83,43,305,2,100
39771.0,92,45,50,1,103
67893.0,31,47,995,1,120
27922.0,80,43,41,1,87
52190.0,39,46,77,2,89
44051.0,20,49,171,2,108
42767.0,53,51,131,2,98
46106.0,84,46,54,2,86
16927.0,50,46,53,2,99
59754.0,96,57,475,1,120
53700.0,94,70,694,1,113
59041.0,25,49,96,2,90
54237.0,48,65,361,1,105
70647.0,65,55,1079,1,112
52597.0,69,60,578,1,90
41021.0,12,53,64,1,109
40233.0,84,47,149,1,99
50183.0,47,42,231,2,91
54753.0,87,63,728,1,97
92955.0,35,49,1778,0,101
33471.0,47,49,93,1,109
34596.0,48,48,23,1,105
44010.0,46,42,662,1,111
84219.0,27,34,1198,0,95
40706.0,37,54,81,3,108
15716.0,8,34,92,1,109
59052.0,29,63,491,1,98
80573.0,85,51,1564,0,111
83715.0,2,60,926,0,94
82576.0,66,63,1910,0,120
56962.0,60,57,411,3,98
35704.0,54,70,94,2,94
53103.0,70,68,1085,1,97
46779.0,55,62,23,2,97
4861.0,20,57,6,0,91
33462.0,78,43,54,1,102
63693.0,63,44,1150,1,99
80763.0,17,72,1415,0,101
65352.0,43,48,405,1,101
82170.0,13,44,1908,0,98
75759.0,46,53,2486,0,99
79689.0,65,46,1315,0,97
35340.0,1,66,45,2,91
85683.0,6,68,1789,0,94
24884.0,32,50,19,1,110
42021.0,34,41,573,1,113
64449.0,70,33,805,1,95
64587.0,49,68,108,2,91
34824.0,65,27,23,0,94
75437.0,25,44,1493,0,100
26091.0,84,65,89,2,95
52845.0,7,49,936,1,101
46086.0,34,66,343,1,106
78028.0,38,66,528,1,111
95169.0,1,35,1901,0,100
56337.0,25,41,724,2,106
22434.0,25,35,58,1,107
36930.0,50,68,297,1,104
36130.0,46,68,488,1,107
65569.0,96,69,859,1,116
83844.0,57,70,1574,0,97
19514.0,47,54,69,2,96
36736.0,52,59,17,2,99
77568.0,30,43,2194,1,113
49187.0,63,46,116,1,86
30168.0,51,44,279,1,102
34053.0,14,54,103,1,111
38196.0,20,51,44,2,93
59412.0,56,71,406,0,93
70924.0,41,57,1363,0,90
54165.0,72,53,236,0,104
32300.0,1,49,39,1,106
20180.0,27,46,137,0,107
34961.0,77,49,79,1,91
28440.0,87,48,63,1,102
64504.0,81,69,1314,3,105
33564.0,51,56,71,1,91
17345.0,79,44,58,1,118
56320.0,11,55,702,1,101
28647.0,54,44,94,1,101
15038.0,93,35,80,1,108
32173.0,0,64,22,1,108
68316.0,54,58,1211,1,117
74538.0,21,51,1461,0,103
91700.0,58,51,1968,0,108
68695.0,3,53,1091,0,91
31056.0,99,45,55,1,108
79593.0,70,49,1366,0,85
28071.0,65,42,313,0,113
37334.0,44,64,62,2,95
46423.0,6,50,92,2,100
37126.0,9,51,72,1,94
47703.0,95,69,655,1,104
61180.0,70,63,704,1,93
38998.0,92,68,54,2,118
8028.0,62,31,178,0,112
76081.0,85,60,1033,0,92
34728.0,2,36,36,1,102
33168.0,0,57,122,1,111
33585.0,91,56,122,1,100
77037.0,3,62,1123,1,99
35196.0,68,38,497,1,110
44529.0,98,56,691,1,104
70924.0,41,57,1363,0,90
28764.0,16,56,12,2,92
69098.0,82,73,2440,0,107
25959.0,1,52,56,2,107
27100.0,64,39,37,1,104
70596.0,68,37,968,0,116
42557.0,98,48,270,1,113
53312.0,32,71,278,0,100
72228.0,87,70,1250,0,110
67605.0,84,35,938,0,106
62845.0,3,73,1178,2,120
65196.0,34,64,1155,2,102
42000.0,23,35,653,0,99
35860.0,37,49,49,2,92
65526.0,22,58,506,1,86
16860.0,19,61,38,2,109
83528.0,7,30,1650,0,96
64176.0,52,57,1826,1,118
22304.0,91,66,18,0,117
67023.0,93,44,906,0,93
32892.0,78,51,46,1,92
70713.0,23,56,1477,1,118
59925.0,83,67,766,1,110
39722.0,92,69,47,1,95
46610.0,4,64,467,0,102
88347.0,32,61,2116,0,106
87171.0,27,41,1298,0,108
26907.0,10,46,22,2,101
50014.0,9,54,396,1,96
41014.0,65,44,20,1,105
66294.0,68,57,967,0,94
36715.0,16,51,357,1,110
79456.0,12,66,1401,0,113
40479.0,95,40,15,1,101
75345.0,16,52,2087,0,107
54233.0,46,45,981,1,105
24163.0,3,52,17,2,97
84460.0,80,64,523,0,105
43776.0,77,39,23,1,94
71691.0,0,64,1192,0,94
85844.0,62,49,1958,0,92
39190.0,91,48,133,1,93
71367.0,24,63,777,0,101
38578.0,2,50,73,2,103
57236.0,22,57,121,2,85
61825.0,56,43,424,1,102
79803.0,54,64,868,1,95
80910.0,71,36,756,0,111
27590.0,38,40,12,1,105
56775.0,62,43,937,1,107
83829.0,78,47,1862,0,101
54210.0,18,43,367,1,104
38508.0,95,36,443,1,107
53187.0,66,52,267,1,99
30023.0,28,50,61,1,94
76045.0,78,62,1323,0,98
50870.0,13,70,63,1,91
15315.0,27,52,64,0,106
65463.0,17,48,562,1,96
66480.0,71,57,312,2,92
76773.0,79,68,1156,0,107
81698.0,1,39,1104,0,108
54466.0,78,49,16,2,88
98777.0,23,62,2008,0,95
16269.0,75,38,44,1,101
71819.0,70,51,1574,1,101
33569.0,10,39,63,1,99
36262.0,24,39,426,0,100
22634.0,47,56,96,0,108
47025.0,98,44,635,1,97
70566.0,4,54,757,1,103
31605.0,15,43,125,1,110
52034.0,67,49,332,2,104
48526.0,32,43,135,1,97
46734.0,40,68,330,1,110
39552.0,54,60,384,2,109
86358.0,78,56,1722,2,113
46931.0,94,45,78,3,93
16581.0,51,37,24,0,97
63998.0,42,70,1168,0,97
67381.0,67,71,957,1,108
25930.0,87,55,15,2,99
42693.0,29,44,57,1,90
85606.0,89,46,1956,1,109
72903.0,74,37,2013,0,99
49669.0,97,48,326,1,92
36778.0,63,54,77,2,116
85696.0,88,60,1313,0,106
10979.0,34,33,30,0,92
49678.0,81,61,315,1,107
56129.0,65,69,660,1,103
37155.0,51,33,74,1,108
21282.0,76,44,46,1,86
33419.0,76,60,86,1,101
63285.0,84,77,1103,0,104
21255.0,56,48,61,1,96
42162.0,31,41,145,1,98
54450.0,0,66,684,2,112
57744.0,91,68,411,1,97
26576.0,40,36,27,1,111
57513.0,59,79,1060,0,103
68142.0,96,58,1459,1,113
7500.0,61,43,18,1,113
83145.0,14,48,1833,0,112
54197.0,16,62,237,1,94
23091.0,98,59,48,2,92
46049.0,11,46,515,2,102
56715.0,52,48,1020,0,116
79410.0,19,61,1370,0,92
57304.0,61,71,1026,1,98
44375.0,73,57,301,1,94
54450.0,0,66,684,2,112
59594.0,74,57,499,1,111
80685.0,55,28,1004,0,113
40344.0,48,48,218,1,99
62710.0,53,50,606,1,104
48985.0,13,54,75,1,104
35322.0,34,54,106,3,113
77142.0,54,74,990,0,104
81657.0,69,53,1097,0,96
14421.0,81,26,16,0,95
20130.0,99,48,34,0,94
74214.0,3,32,1711,0,113
66726.0,61,65,438,2,85
23724.0,65,43,75,1,101
47353.0,93,62,225,1,98
33444.0,24,70,18,2,118
54386.0,8,41,470,1,104
28510.0,72,41,91,2,105
90638.0,29,31,2525,0,95
48070.0,33,72,504,1,108
43140.0,68,65,235,1,104
54959.0,55,61,1232,1,108
15056.0,76,64,88,2,106
26954.0,17,51,17,1,89
22327.0,94,37,24,1,107
44393.0,86,57,60,2,101
62000.0,25,70,1020,1,101
31497.0,22,60,155,1,115
45894.0,15,48,51,2,95
78579.0,35,52,1812,0,109
67369.0,81,53,1461,1,110
58401.0,55,62,96,1,93
62307.0,94,70,160,1,95
43641.0,50,53,139,2,105
63841.0,64,54,908,1,105
46891.0,91,57,183,1,108
70091.0,11,53,1161,1,106
78075.0,72,50,988,0,92
59184.0,6,61,1072,1,112
54809.0,0,45,174,2,98
58113.0,66,63,758,1,108
51412.0,42,64,195,1,97
15287.0,60,43,31,1,111
66636.0,64,65,1084,0,101
50965.0,87,66,685,1,107
84618.0,96,57,1672,0,98
18351.0,1,32,43,0,99
40451.0,54,65,49,2,95
36317.0,53,57,133,1,104
42213.0,96,65,363,1,97
65748.0,58,67,545,1,105
77044.0,12,50,1065,1,99
74918.0,78,53,2047,0,97
56721.0,64,50,296,2,111
42160.0,26,47,140,2,103
61559.0,8,57,530,1,102
33629.0,49,59,152,2,113
68682.0,56,31,1598,0,103
34377.0,55,59,114,1,108
8940.0,25,36,101,1,113
26228.0,50,49,25,1,100
77297.0,84,65,789,0,108
40211.0,30,41,87,2,102
33438.0,81,64,90,2,100
75032.0,74,63,1215,1,105
61284.0,76,67,811,0,97
22518.0,36,36,61,1,111
54730.0,64,47,405,1,101
38452.0,62,67,72,2,94
44421.0,53,51,189,2,107
38197.0,86,36,40,1,103
41986.0,15,44,63,1,88
28427.0,67,39,52,1,106
37395.0,47,46,39,1,95
64722.0,47,51,805,1,92
55249.0,81,66,130,1,93
84906.0,98,50,1631,0,105
28691.0,56,33,34,1,105
44213.0,48,70,152,2,98
25707.0,18,38,21,1,96
59062.0,74,55,71,3,106
76624.0,68,60,899,1,92
66000.0,36,75,711,0,93
27683.0,90,44,351,1,117
1730.0,65,51,8,0,92
7500.0,63,30,119,1,118
40521.0,82,54,21,2,104
20427.0,63,49,10,1,94
65106.0,55,47,973,1,92
69969.0,64,57,1536,0,101
67433.0,51,70,992,2,102
77766.0,97,55,1529,1,107
74716.0,92,50,860,1,97
68118.0,51,59,928,1,99
55158.0,72,52,418,2,114
62972.0,39,67,587,1,118
74190.0,49,47,641,1,85
39356.0,21,46,23,2,94
76653.0,91,53,2279,0,101
35860.0,37,49,49,2,92
90687.0,98,39,1779,0,104
73450.0,85,40,1804,0,104
31454.0,40,62,48,2,103
47139.0,2,70,83,2,91
83829.0,78,47,1862,0,101
53378.0,41,59,793,2,112
19656.0,94,52,84,1,101
45579.0,10,74,183,1,101
85485.0,73,64,1383,0,91
55956.0,22,78,999,0,90
64191.0,30,59,825,1,108
38808.0,21,50,246,1,113
57183.0,51,56,610,2,106
23748.0,97,54,76,1,110
66303.0,56,51,1286,1,107
37368.0,4,47,30,1,97
40800.0,77,58,99,3,108
71847.0,95,44,1192,0,112
46149.0,36,47,362,1,98
78687.0,13,39,2130,0,112
49118.0,90,51,1229,0,113
37633.0,49,65,38,2,112
39767.0,18,71,485,0,102
26997.0,89,71,434,0,116
33986.0,43,52,44,1,106
57091.0,82,50,496,1,110
46831.0,84,53,78,2,101
83151.0,80,50,2346,0,99
52531.0,68,51,794,0,109
15759.0,12,66,17,0,104
22804.0,75,51,26,1,102
43050.0,10,49,76,1,94
42997.0,91,45,15,2,102
48918.0,21,59,62,2,85
60033.0,28,68,198,1,94
34043.0,97,44,49,1,99
57811.0,49,56,802,1,103
78569.0,14,76,1736,0,95
7500.0,5,44,57,2,109
94384.0,62,69,2302,0,105
23148.0,83,37,37,0,95
44267.0,48,52,310,2,107
71626.0,94,43,1305,0,120
60894.0,61,56,832,1,103
50200.0,70,46,401,2,106
81051.0,43,57,1501,0,92
65169.0,23,40,1189,0,96
59868.0,37,50,1194,1,102
65695.0,50,62,656,1,96
64857.0,78,66,1540,0,110
45143.0,74,57,311,1,101
74805.0,14,67,820,1,103
59060.0,77,33,274,1,86
27238.0,39,60,57,2,105
47009.0,89,57,448,1,108
46094.0,62,49,44,2,87
40321.0,59,50,102,2,102
37235.0,68,38,61,1,96
81843.0,13,62,1643,0,105
46692.0,37,64,397,1,103
77382.0,36,54,1121,1,90
37774.0,28,45,473,2,118
18393.0,2,48,50,1,94
72828.0,17,60,1678,1,107
24711.0,86,40,58,0,93
45503.0,54,47,170,1,100
6560.0,2,40,373,0,97
71604.0,3,77,1196,0,98
27244.0,84,43,101,1,90
48752.0,8,53,316,2,109
71434.0,4,60,1400,1,100
90842.0,57,74,1424,0,102
88097.0,24,44,844,1,113
51948.0,51,47,311,1,100
71853.0,29,40,1149,0,101
35876.0,13,39,129,0,93
40049.0,23,70,32,1,99
39660.0,36,40,299,1,113
50127.0,88,60,320,1,92
43263.0,2,45,441,1,110
62845.0,3,73,1178,2,120
18929.0,15,32,85,0,107
24367.0,58,40,24,1,106
33249.0,11,47,112,1,107
26887.0,27,63,30,1,99
50150.0,32,39,410,0,103
62061.0,12,46,800,1,101
85696.0,88,60,1313,0,106
76542.0,91,66,1483,0,106
70515.0,12,29,1258,0,99
18227.0,21,35,28,1,113
69139.0,23,57,227,1,96
69109.0,10,40,1555,0,112
69627.0,35,60,861,1,106
38136.0,69,44,103,1,105
62159.0,68,76,634,0,93
80695.0,85,59,1918,0,97
33316.0,34,51,131,2,105
58554.0,55,54,586,2,112
17256.0,10,30,62,1,98
53034.0,30,48,447,2,104
52203.0,36,72,939,0,114
59601.0,14,45,797,1,102
75154.0,79,64,1143,1,117
47025.0,52,46,415,1,102
37971.0,97,49,30,1,98
41335.0,24,54,187,1,97
67267.0,0,64,251,1,92
57338.0,96,47,237,1,93
50523.0,89,62,91,2,97
35791.0,94,57,35,3,103
50611.0,98,62,493,1,117
56242.0,72,53,971,1,106
48904.0,1,62,371,1,119
56243.0,26,47,396,3,97
21355.0,5,37,68,1,101
57420.0,22,51,322,1,103
46390.0,56,67,222,1,92
54342.0,74,66,177,2,106
20895.0,24,49,45,1,115
92344.0,9,74,1899,0,96
26907.0,10,46,22,2,101
44964.0,35,42,41,2,109
75507.0,56,43,1440,0,95
53761.0,7,50,325,2,98
22682.0,51,49,95,1,106
38887.0,17,50,42,1,95
41658.0,30,47,72,2,112
29791.0,21,50,20,1,92
63915.0,2,66,789,2,102
39996.0,85,48,15,2,92
26759.0,65,50,59,1,90
63841.0,64,54,908,1,105
51039.0,11,53,417,2,111
60544.0,92,61,289,2,113
65685.0,54,50,769,1,94
37716.0,4,69,188,1,93
36864.0,53,65,354,1,113
44511.0,39,52,727,1,109
36947.0,49,55,146,2,114
47352.0,70,71,319,1,98
67087.0,40,69,794,1,97
57045.0,40,72,454,1,113
36957.0,43,69,152,2,115
69389.0,17,45,797,1,112
80134.0,40,50,1690,1,104
43142.0,84,53,20,2,95
80589.0,25,78,1428,0,96
34412.0,62,32,209,1,107
57537.0,83,43,545,1,99
22634.0,47,56,96,0,108
51315.0,45,74,222,0,95
36026.0,34,50,61,3,94
24639.0,3,49,44,2,96
34578.0,1,50,8,3,86
65704.0,18,50,817,0,99
63810.0,45,56,1371,1,110
54132.0,81,53,42,1,95
18690.0,77,63,60,0,109
28164.0,23,52,78,1,105
34596.0,48,48,23,1,105
43269.0,61,50,19,1,100
38741.0,60,64,61,2,94
31907.0,75,50,449,0,105
27100.0,64,39,37,1,104
31163.0,54,49,38,1,95
92533.0,84,37,1131,0,97
34853.0,75,49,34,2,97
70844.0,16,55,294,2,99
31086.0,79,43,48,2,105
60544.0,92,61,289,2,113
20491.0,16,36,30,0,108
42523.0,96,58,125,0,93
39922.0,30,39,156,1,107
33402.0,60,70,70,2,102
36408.0,11,73,22,2,100
21645.0,75,43,65,1,118
78427.0,36,74,1930,0,111
82657.0,71,76,2283,0,100
51876.0,88,64,310,0,99
78041.0,93,51,1319,0,109
52852.0,93,65,879,1,120
70038.0,54,40,1244,0,99
69401.0,41,49,690,1,94
46053.0,46,50,209,1,107
77343.0,28,57,1134,0,88
73892.0,40,69,1507,0,98
40304.0,82,55,57,1,100
32727.0,38,57,529,0,113
68695.0,3,53,1091,0,91
43300.0,87,51,180,1,111
26290.0,49,50,77,2,97
93790.0,16,52,2349,0,85
38410.0,65,48,534,0,112
64866.0,9,72,556,1,96
57957.0,24,63,637,1,101
46015.0,25,67,46,2,93
16531.0,43,44,44,1,91
28072.0,10,36,47,1,101
49476.0,29,59,795,1,103
50725.0,45,69,586,1,107
83844.0,57,70,1574,0,97
41145.0,20,72,13,2,89
67419.0,29,52,1471,1,108
23162.0,82,52,65,2,97
34380.0,68,45,175,1,107
34704.0,65,56,40,1,105
94871.0,99,53,1078,2,120
65148.0,9,64,1115,1,110
39898.0,20,68,134,1,97
64857.0,78,66,1540,0,110
59892.0,26,52,87,1,107
41020.0,68,35,217,0,99
57072.0,79,61,1034,1,96
60474.0,25,43,1180,1,108
62807.0,83,62,819,1,113
19414.0,32,41,32,1,99
19107.0,49,42,46,1,101
75484.0,50,46,1159,1,119
70379.0,84,46,860,1,106
79419.0,96,52,1631,0,91
64014.0,56,76,444,3,87
76998.0,85,67,1910,1,98
49854.0,63,50,380,1,99
60585.0,17,51,736,2,103
42873.0,11,72,269,2,108
87679.0,62,34,2524,0,102
57867.0,48,44,612,1,108
35765.0,86,32,75,1,98
65492.0,73,63,1045,0,96
32952.0,36,45,55,1,108
53374.0,34,53,1064,1,113
71706.0,16,63,1443,1,110
68487.0,48,34,1366,0,108
53253.0,61,47,436,2,98
31163.0,54,49,38,1,95
42014.0,56,45,436,1,113
54108.0,74,49,747,2,116
49667.0,35,67,1396,0,113
63206.0,65,48,928,0,94
57136.0,48,50,642,2,100
46772.0,88,47,1048,1,114
78931.0,19,51,943,0,99
53977.0,21,64,907,1,101
84219.0,27,34,1198,0,95
46098.0,86,47,120,2,113
73538.0,92,57,1658,1,110
79529.0,1,36,1638,0,93
20981.0,14,45,73,0,105
51766.0,74,42,275,1,86
55759.0,84,60,854,1,110
33039.0,4,44,78,1,100
37787.0,50,50,106,1,100
27242.0,2,52,106,1,110
87188.0,73,39,1923,0,106
69930.0,21,51,1662,0,104
37697.0,82,46,84,1,90
37401.0,14,49,48,1,91
3502.0,56,49,5,1,105
58597.0,20,46,733,2,110
82032.0,54,74,1234,0,92
28087.0,77,64,112,2,110
74004.0,5,35,1658,0,95
19740.0,65,62,55,1,106
57036.0,33,47,1513,1,110
53083.0,65,64,271,2,104
69283.0,41,47,904,1,91
46098.0,86,47,120,2,113
23331.0,92,34,103,1,117
23331.0,97,34,269,1,116
9255.0,91,33,22,1,97
67786.0,0,63,1156,0,102
71969.0,59,51,1086,1,111
59235.0,4,55,1128,1,97
31928.0,5,33,72,1,94
74881.0,48,61,964,2,101
65819.0,99,44,1383,0,110
51411.0,81,69,18,3,104
51983.0,95,58,793,1,113
42386.0,43,36,100,1,108
30390.0,5,35,80,0,107
30983.0,50,59,167,0,112
66033.0,76,65,677,1,108
37284.0,46,47,23,2,106
57530.0,68,71,92,1,97
76800.0,33,57,641,0,89
63943.0,50,66,1106,1,119
76081.0,85,60,1033,0,92
67445.0,63,48,1174,1,109
37054.0,89,55,25,2,100
47175.0,81,60,240,2,111
31859.0,77,46,20,1,103
27215.0,50,61,102,3,108
70179.0,10,46,1034,1,102
39922.0,30,39,156,1,107
49681.0,66,46,458,2,105
24645.0,16,34,17,1,120
79865.0,12,68,792,1,91
44322.0,30,37,92,1,91
47958.0,8,70,407,1,108
63972.0,93,58,1269,1,119
75315.0,14,68,841,1,93
55517.0,53,72,633,2,112
75283.0,26,65,1019,3,106
82800.0,23,76,1315,0,110
38998.0,92,68,54,2,118
90638.0,29,31,2525,0,95
27161.0,41,36,52,1,99
42014.0,56,45,436,1,113
38201.0,19,62,268,1,106
45203.0,4,40,147,2,94
81574.0,89,75,1798,0,93
34935.0,71,30,137,0,103
60482.0,81,46,507,1,108
34633.0,31,66,15,3,96
78093.0,53,75,1105,0,98
82460.0,78,72,974,0,107
45903.0,80,56,66,1,93
81361.0,18,35,778,0,95
35860.0,37,49,49,2,92
40442.0,52,70,169,2,113
61482.0,39,57,299,0,91
34968.0,11,42,221,1,99
75794.0,33,35,1682,0,97
31497.0,22,60,155,1,115
74268.0,83,67,892,0,107
13724.0,43,34,58,1,113
45143.0,74,57,311,1,101
52569.0,54,55,95,1,92
48432.0,3,49,424,1,111
17144.0,96,62,47,2,95
36108.0,68,38,339,1,99
76445.0,2,51,1410,1,112
36663.0,40,47,35,1,93
53843.0,64,57,562,1,103
90226.0,26,66,2352,0,112
70638.0,69,67,1334,0,108
44512.0,57,62,32,2,101
27116.0,78,61,41,2,95
54072.0,71,59,39,2,102
71855.0,59,45,1141,1,108
51250.0,28,32,710,1,106
60432.0,61,49,401,1,88
65526.0,22,58,506,1,86
68655.0,95,34,1538,0,111
12393.0,38,44,57,0,117
64509.0,19,32,1722,0,101
33955.0,92,47,270,1,100
31353.0,24,45,31,2,97
55434.0,21,38,882,1,104
28359.0,35,39,16,1,99
57100.0,9,35,311,1,92
69139.0,23,57,227,1,96
52973.0,92,66,1152,1,113
51717.0,55,57,122,1,101
18793.0,14,51,77,1,97
66664.0,78,40,1289,0,112
50664.0,64,63,561,2,108
54414.0,49,59,211,2,108
54549.0,8,70,233,1,94
47111.0,35,51,1092,1,113
41003.0,11,59,601,0,106
19444.0,8,40,54,1,95
36301.0,53,46,78,1,99
73059.0,36,75,1095,1,101
42731.0,64,53,244,1,99
52854.0,43,63,116,2,94
22775.0,40,44,15,1,103
46681.0,52,74,425,2,101
59821.0,11,67,734,1,97
50002.0,21,68,638,1,103
69755.0,23,77,894,0,107
44078.0,17,53,41,2,91
30560.0,6,46,31,1,103
35924.0,56,53,34,2,94
64140.0,71,58,1750,2,100
56386.0,51,41,612,2,111
24594.0,94,43,29,1,99
75774.0,27,41,823,1,95
39228.0,1,62,20,0,99
58494.0,56,48,396,1,97
58684.0,71,41,813,0,91
57136.0,18,55,1179,0,104
56551.0,48,72,138,2,90
22448.0,86,40,55,1,95
82014.0,48,61,1511,0,113
34213.0,2,59,117,2,114
25358.0,57,75,32,1,102
35544.0,77,44,67,1,89
36634.0,0,68,335,1,104
62670.0,57,68,825,1,95
50334.0,24,50,694,1,102
72066.0,55,41,1792,0,91
50729.0,62,64,496,2,107
34916.0,89,54,231,2,104
64892.0,77,46,902,1,92
43602.0,45,56,68,2,87
33996.0,46,33,71,0,98
41473.0,80,37,76,1,103
63246.0,60,55,772,2,101
36732.0,71,63,47,2,97
69084.0,43,52,1586,1,98
77766.0,97,55,1529,1,107
37929.0,49,37,265,0,102
86610.0,66,71,1603,0,104
80141.0,20,36,2091,0,98
72635.0,54,67,981,0,106
69016.0,61,52,1533,1,110
20193.0,18,31,82,0,110
27573.0,45,47,244,1,106
15862.0,26,43,36,1,103
49544.0,0,46,404,1,97
33228.0,28,42,71,1,96
70440.0,49,44,1572,0,101
38232.0,84,51,122,2,96
22554.0,38,67,41,2,118
23536.0,53,39,10,1,93
49413.0,88,70,304,1,99
42231.0,99,53,37,2,94
78789.0,12,42,1754,0,113
56534.0,35,54,815,1,102
58350.0,5,51,1001,1,105
81217.0,77,33,1157,0,102
49090.0,45,71,688,1,102
61787.0,71,35,1319,0,103
18169.0,40,37,21,1,107
24336.0,82,41,31,1,113
18222.0,70,32,67,0,109
62335.0,87,70,708,1,104
42033.0,95,51,25,2,112
86580.0,72,39,746,0,107
41437.0,5,65,32,2,112
73705.0,86,71,1695,2,92
61064.0,80,46,1080,1,113
38452.0,62,67,72,2,94
18358.0,49,33,57,1,98
55012.0,85,49,660,1,94
9722.0,7,49,103,1,119
38175.0,6,38,153,1,100
58656.0,25,66,1220,1,112
52117.0,55,57,279,1,113
64813.0,81,44,745,1,95
54222.0,98,49,264,1,96
83512.0,31,36,2157,0,91
77520.0,30,63,1526,1,101
41154.0,98,44,69,1,100
80398.0,92,56,1597,0,111
18746.0,41,30,64,1,92
35196.0,68,38,497,1,110
60230.0,78,66,1067,1,104
22108.0,46,45,31,2,89
44392.0,71,48,211,2,104
55424.0,6,46,877,1,110
17688.0,82,43,11,1,108
92491.0,71,39,2034,0,108
90273.0,32,31,1991,0,97
82571.0,28,60,1686,0,95
38513.0,20,40,324,1,96
16653.0,10,43,69,1,93
42586.0,7,67,252,2,111
23529.0,67,57,54,1,102
74881.0,48,61,964,2,101
71107.0,61,71,1327,1,107
46910.0,36,58,68,2,94
18690.0,77,63,60,0,109
37244.0,90,67,55,2,105
82427.0,35,56,1456,0,85
75342.0,38,64,563,1,103
70044.0,46,68,1504,1,107
79146.0,33,55,564,2,93
77437.0,70,59,1125,0,98
54984.0,51,63,358,1,92
42403.0,18,51,42,1,98
55761.0,97,58,184,1,93
37292.0,32,39,460,1,105
45576.0,9,77,145,0,92
70321.0,6,75,1376,0,108
58086.0,80,53,792,1,108
81795.0,74,70,1382,0,111
28389.0,49,75,28,0,110
66835.0,21,76,1033,0,100
69901.0,95,53,882,1,104
80360.0,56,73,2231,0,106
63342.0,48,61,1101,1,111
44989.0,26,48,369,1,109
31859.0,3,42,48,1,95
51569.0,39,73,467,1,97
30372.0,33,51,44,2,109
16014.0,42,43,38,2,106
41120.0,80,54,81,2,103
39763.0,9,51,167,1,105
38725.0,52,67,45,2,87
77981.0,78,50,664,1,104
62905.0,68,58,622,1,99
13533.0,45,43,48,1,99
59481.0,47,47,461,1,99
72117.0,34,45,1073,1,101
21955.0,81,36,55,1,102
67131.0,72,66,976,1,106
36802.0,23,42,20,1,91
71853.0,29,40,1149,0,101
28249.0,80,61,43,0,91
47808.0,30,47,224,1,99
25509.0,15,48,101,1,112
51012.0,86,76,209,0,105
70596.0,68,37,968,0,116
85431.0,54,70,1165,0,101
42664.0,44,55,24,1,94
42586.0,7,67,252,2,111
29760.0,87,37,165,1,113
28973.0,59,45,269,0,111
39435.0,16,49,102,1,103
65370.0,1,38,461,0,108
20194.0,64,43,47,1,109
42473.0,72,46,144,2,95
64590.0,98,54,1338,0,111
71232.0,91,63,917,1,98
34600.0,8,51,318,2,108
46904.0,20,55,253,2,118
49094.0,6,49,502,1,112
36075.0,54,39,119,1,100
60839.0,72,43,1250,2,113
77298.0,46,43,969,1,107
34026.0,11,72,76,2,104
48918.0,21,59,62,2,85
82122.0,89,60,1382,0,101
37697.0,82,46,84,1,90
34074.0,69,70,255,2,102
28520.0,55,62,43,2,103
62535.0,13,67,398,1,106
36273.0,80,45,76,1,93
63404.0,97,58,902,2,91
75774.0,27,41,823,1,95
78416.0,99,46,1179,1,91
75702.0,87,48,1921,1,111
59385.0,85,71,185,2,105
37070.0,30,56,433,2,106
44689.0,82,71,34,2,87
53977.0,21,64,907,1,101
7144.0,92,56,416,2,102
18701.0,95,58,44,2,105
90369.0,2,66,1588,0,93
63159.0,74,48,1797,0,116
37758.0,49,56,40,2,117
46757.0,71,59,1143,1,110
79734.0,72,53,914,0,91
63207.0,68,30,1502,0,108
72071.0,4,68,1338,1,107
21840.0,80,39,27,1,102
58582.0,15,40,763,1,100
72282.0,70,71,1331,0,102
50387.0,91,66,525,2,101
32583.0,10,61,9,2,91
62568.0,99,60,953,1,90
44635.0,25,51,68,2,98
33316.0,34,51,131,2,105
63967.0,57,54,882,1,100
52513.0,84,44,1149,0,117
25293.0,51,53,37,1,100
54111.0,97,57,388,1,101
78394.0,13,36,1428,0,107
80739.0,92,64,1633,0,104
22669.0,30,47,173,1,104
29236.0,30,35,99,1,101
44911.0,11,63,215,1,106
54693.0,72,60,929,1,107
48186.0,39,48,219,1,94
54809.0,0,45,174,2,98
41580.0,15,44,92,2,111
80336.0,12,52,1052,0,100
47743.0,56,65,275,1,106
62972.0,39,67,587,1,118
57333.0,55,68,1662,1,112
32313.0,60,40,159,1,98
84953.0,73,69,1024,0,106
27071.0,90,54,35,1,93
68148.0,86,65,1042,0,101
65735.0,37,57,395,2,102
86836.0,7,47,557,0,109
4023.0,29,59,9,2,91
30093.0,19,32,69,0,101
57705.0,14,56,486,1,86
25008.0,72,34,34,1,95
83257.0,56,27,1365,0,112
22280.0,85,47,13,1,104
72159.0,62,44,1401,0,111
64260.0,1,61,1574,0,98
82733.0,28,38,1323,0,99
74290.0,70,51,1217,1,97
58217.0,84,71,103,3,110
21024.0,89,46,84,0,105
70116.0,73,50,1536,0,108
54006.0,42,37,581,1,112
69063.0,16,56,928,1,114
11448.0,16,47,14,0,97
61825.0,56,43,424,1,102
70886.0,65,51,960,1,99
69109.0,10,40,1555,0,112
60208.0,13,49,656,2,114
32889.0,78,54,55,2,103
34738.0,51,38,20,1,86
30538.0,27,51,367,1,120
82326.0,30,45,2257,0,87
26642.0,71,55,42,1,96
69932.0,97,58,1049,1,97
44503.0,83,50,48,2,93
60200.0,3,74,685,1,107
49638.0,71,70,39,1,93
23830.0,3,35,43,0,90
33051.0,15,63,835,0,113
72905.0,52,64,1515,0,96
69702.0,8,71,1039,1,107
70300.0,89,47,1596,1,102
70643.0,66,38,1828,0,111
30396.0,22,53,34,1,93
50616.0,56,54,149,1,93
62772.0,74,53,946,1,104
30298.0,48,37,28,0,92
52413.0,67,38,450,1,118
44155.0,24,65,46,2,96
86979.0,67,51,1702,0,102
76532.0,38,47,820,2,100
42081.0,86,40,382,1,107
67546.0,90,34,2126,0,113
88420.0,87,33,2069,0,95
31158.0,62,37,72,1,108
61671.0,23,54,732,1,94
69719.0,99,48,801,0,92
49160.0,29,73,236,1,99
24882.0,52,44,80,1,112
90933.0,90,68,1685,0,94
59292.0,71,72,507,1,103
45759.0,13,58,68,2,107
22148.0,16,39,49,0,93
73395.0,94,35,397,0,94
29819.0,77,51,39,1,99
45688.0,20,54,306,1,96
62820.0,51,68,976,0,98
60491.0,81,51,1028,1,103
33235.0,71,36,70,1,92
35701.0,36,63,46,0,106
31535.0,95,42,51,1,100
92556.0,32,62,1263,0,93
67384.0,32,52,1490,1,111
80573.0,85,51,1564,0,111
77870.0,93,55,1815,1,113
52278.0,24,59,1198,1,108
57107.0,44,54,416,1,113
18929.0,15,32,85,0,107
36038.0,82,41,47,1,104
20180.0,27,46,137,0,107
34230.0,72,57,21,2,109
31878.0,7,45,70,1,91
70932.0,57,50,909,1,96
91249.0,84,66,1676,0,111
77598.0,53,79,1735,0,108
80982.0,48,63,1191,2,101
22701.0,2,45,24,1,104
55212.0,65,53,1182,1,110
70617.0,45,52,1280,0,103
64849.0,42,65,1336,0,110
62694.0,29,57,749,2,103
61917.0,83,48,91,2,98
67472.0,93,75,414,1,100
21059.0,40,40,44,1,90
29543.0,47,54,63,2,96
75903.0,50,71,901,1,101
34984.0,40,47,38,2,115
54998.0,3,66,455,1,99
54356.0,62,73,775,1,110
34242.0,25,63,15,1,94
25410.0,48,49,38,1,101
73356.0,56,38,1512,0,91
28320.0,68,72,43,1,108
23763.0,64,45,42,1,114
72570.0,67,38,1089,0,93
34529.0,94,46,162,1,112
70792.0,82,71,1272,0,103
63211.0,3,40,1173,0,119
83891.0,24,48,816,1,91
36065.0,54,54,74,2,106
39898.0,20,68,134,1,97
51141.0,96,82,157,0,101
56939.0,19,46,561,1,100
80872.0,60,71,1336,0,85
72335.0,2,46,2092,0,113
61798.0,13,58,463,0,98
76842.0,37,72,1130,0,94
29478.0,59,46,20,1,96
46998.0,55,66,377,1,111
96843.0,60,32,1544,0,105
56551.0,48,72,138,2,90
70053.0,38,57,1012,1,106
71670.0,8,60,1766,0,100
44359.0,19,44,45,2,91
40887.0,32,70,161,2,103
48877.0,27,56,144,1,92
74485.0,58,75,1734,0,101
64474.0,59,50,823,1,99
77226.0,29,59,1138,1,95
72643.0,60,73,1429,0,107
85738.0,41,44,1371,0,96
55686.0,27,56,982,1,107
39062.0,28,39,44,1,94
34600.0,8,51,318,2,108
40794.0,18,47,434,1,102
54690.0,76,51,198,2,102
4428.0,0,53,359,1,104
32632.0,32,59,576,0,119
38236.0,2,54,88,2,100
36781.0,16,43,63,1,87
31385.0,56,38,27,1,116
24570.0,97,38,193,1,107
25509.0,15,48,101,1,112
94642.0,35,71,2211,0,85
58646.0,3,60,140,1,99
53201.0,49,47,415,2,97
21994.0,4,65,22,1,109
57113.0,45,44,263,2,103
51373.0,37,31,393,0,103
23477.0,39,36,147,1,99
58116.0,38,66,443,1,93
72968.0,8,59,1958,0,97
39791.0,89,51,174,1,106
91712.0,47,75,2217,0,99
94472.0,75,64,1691,1,94
13672.0,86,62,25,2,105
96547.0,4,42,809,0,92
79205.0,73,47,895,0,113
56559.0,46,47,484,1,109
32644.0,38,49,413,1,108
67506.0,73,42,331,1,95
24206.0,66,52,25,1,101
28420.0,36,55,13,1,97
22979.0,29,52,115,1,115
33279.0,29,56,16,0,85
46423.0,6,50,92,2,100
30368.0,97,45,52,1,102
63684.0,61,52,1464,1,110
41638.0,68,58,441,1,107
68805.0,73,63,283,1,100
65814.0,90,56,747,1,95
71964.0,81,64,1870,0,104
39146.0,1,36,165,1,107
96876.0,79,45,1941,0,103
34445.0,92,41,839,0,108
68281.0,31,64,1655,0,114
37284.0,46,47,23,2,106
36790.0,14,39,66,0,108
27943.0,89,55,37,2,105
22263.0,31,71,21,2,94
30261.0,75,50,22,3,112
28587.0,42,44,78,1,85
43815.0,53,40,79,1,104
48195.0,53,66,265,2,96
77027.0,23,70,1175,1,92
71322.0,57,57,1305,1,107
32765.0,49,43,46,1,95
29672.0,6,57,25,2,97
23272.0,29,69,46,0,99
49912.0,5,73,874,1,114
7500.0,98,37,100,1,120
68117.0,80,75,930,1,99
67225.0,4,67,868,1,98
17649.0,70,46,45,1,97
55914.0,32,47,1260,1,105
40059.0,82,38,414,1,100
60905.0,27,72,392,1,104
75330.0,94,45,1109,2,117
60689.0,23,71,639,1,108
38680.0,97,38,79,1,106
61416.0,25,40,1665,0,101
49767.0,92,31,692,0,107
83273.0,98,52,1392,3,112
29009.0,19,41,44,1,98
45057.0,80,43,50,1,108
37150.0,80,51,467,1,110
43020.0,79,52,223,1,98
53154.0,50,63,158,1,88
65308.0,60,49,1211,0,98
76467.0,44,52,1575,1,113
81044.0,0,75,1208,0,97
32871.0,28,71,43,2,100
55801.0,35,47,527,2,100
76320.0,49,63,932,1,91
36927.0,46,67,71,2,95
48794.0,97,69,54,2,91
23478.0,51,57,129,0,106
71128.0,80,49,1615,1,115
70179.0,10,46,1034,1,102
59462.0,29,72,1088,1,104
38361.0,74,53,137,1,97
70038.0,54,40,1244,0,99
42554.0,93,44,41,2,97
67445.0,63,48,1174,1,109
67046.0,92,71,993,1,103
42192.0,40,74,100,0,103
77610.0,70,70,1680,1,111
31761.0,96,38,98,1,92
34350.0,81,43,48,1,99
54591.0,63,73,519,1,104
71866.0,85,66,715,1,97
25293.0,51,53,37,1,100
42000.0,23,35,653,0,99
69520.0,95,39,1455,0,102
64713.0,11,52,602,1,90
27889.0,42,45,26,1,104
22123.0,77,62,102,0,94
27803.0,40,49,176,1,113
51651.0,32,62,433,1,114
68487.0,48,34,1366,0,108
56796.0,24,53,1001,1,107
87000.0,61,30,961,0,109
79823.0,6,63,1518,1,94
30828.0,16,42,56,1,105
34109.0,39,51,22,1,103
53367.0,2,48,400,2,101
22390.0,49,53,26,0,99
71322.0,31,46,350,1,95
79244.0,58,29,1216,0,109
49912.0,5,73,874,1,114
48699.0,90,72,40,2,104
80144.0,47,47,1367,0,100
54252.0,25,66,264,2,104
81929.0,60,46,2053,1,112
76068.0,67,47,1376,1,110
53204.0,40,46,45,2,94
67911.0,63,73,976,1,92
14796.0,1,38,51,1,112
78128.0,89,48,1264,1,95
14188.0,40,50,75,0,107
20425.0,5,36,57,1,111
58646.0,3,60,140,1,99
72967.0,1,52,497,1,109
48150.0,24,73,266,1,101
82332.0,89,61,2006,0,112
58275.0,48,67,615,2,107
44953.0,31,41,1021,0,109
34587.0,68,69,22,2,92
43018.0,46,48,133,1,108
45736.0,92,68,437,1,102
66476.0,80,53,1013,1,105
27733.0,16,41,57,1,101
69805.0,50,70,1038,1,96
72217.0,93,60,1573,0,99
25818.0,51,51,28,1,111
37509.0,24,46,123,1,109
25176.0,79,46,13,2,99
43586.0,26,42,132,1,113
53230.0,86,66,732,1,118
50116.0,68,65,66,2,91
84906.0,98,50,1631,0,105
61286.0,34,56,608,1,107
82333.0,60,36,1822,0,106
65220.0,3,57,1282,0,118
33590.0,65,48,8,3,106
30992.0,83,46,43,1,105
72309.0,64,46,1931,0,98
16005.0,69,42,103,1,113
65487.0,48,65,1169,0,87
58692.0,21,57,395,1,91
40590.0,30,53,258,2,107
20587.0,39,52,25,1,86
62637.0,76,68,185,1,96
29435.0,11,56,180,2,115
19346.0,26,48,22,1,96
35788.0,34,51,44,2,96
36997.0,72,54,94,2,108
23539.0,13,65,81,0,95
65333.0,58,49,798,1,96
78499.0,12,65,1334,0,98
29732.0,23,51,38,1,94
41275.0,33,62,61,3,94
63516.0,30,49,300,2,103
42769.0,15,60,88,1,97
49572.0,25,64,54,2,97
69209.0,4,50,1782,0,112
17148.0,80,46,68,1,96
40590.0,30,53,258,2,107
30560.0,6,46,31,1,103
32146.0,16,39,66,1,85
41713.0,57,58,174,2,93
34176.0,9,47,28,1,96
58482.0,59,67,731,1,85
59686.0,78,57,274,1,96
60896.0,90,58,1701,1,110
62994.0,74,42,312,1,93
47320.0,10,65,414,1,108
74859.0,63,73,1565,0,106
15253.0,13,30,29,1,99
31560.0,98,48,94,1,103
72071.0,4,68,1338,1,107
91172.0,94,32,1092,0,106
90000.0,91,38,1479,0,97
41967.0,66,41,54,2,98
69263.0,14,57,568,1,92
65706.0,77,52,1199,0,103
60934.0,41,47,873,1,96
71965.0,21,71,1213,1,102
65210.0,25,67,731,1,87
79174.0,2,47,2043,0,98
81380.0,51,55,1893,0,109
48432.0,3,49,424,1,111
52914.0,32,51,575,1,102
38946.0,84,67,257,1,99
26067.0,49,48,56,1,105
44325.0,69,50,542,1,102
42523.0,96,58,125,0,93
26487.0,23,44,69,1,104
53233.0,18,65,40,1,94
67716.0,8,62,1016,1,99
76234.0,21,50,907,1,91
84117.0,60,66,1566,0,86
65487.0,48,65,1169,0,87
25224.0,36,50,46,1,94
89616.0,36,39,1644,0,107
40851.0,63,51,59,2,107
27469.0,2,75,17,0,119
82347.0,38,65,1853,0,115
73803.0,61,65,1528,1,120
8820.0,52,70,35,2,106
43322.0,25,48,141,0,93
55593.0,63,49,546,1,101
50501.0,10,68,500,2,103
37085.0,65,47,61,2,91
16185.0,71,32,106,1,104
57731.0,0,53,704,1,110
48432.0,3,49,424,1,111
73807.0,88,44,849,1,107
18929.0,15,32,85,0,107
35893.0,80,54,199,2,111
61014.0,17,42,1147,1,110
32144.0,76,68,54,2,94
14918.0,52,59,43,1,114
45146.0,28,59,53,2,102
41769.0,31,67,521,1,107
88325.0,42,41,1623,0,92
38054.0,24,72,45,2,96
80617.0,42,27,1435,0,109
5305.0,12,46,32,1,102
36807.0,88,68,16,2,109
28427.0,67,39,52,1,106
82032.0,54,74,1234,0,92
22775.0,40,44,15,1,103
40101.0,73,37,415,1,111
58025.0,81,43,470,1,98
75777.0,12,40,1438,0,105
7500.0,7,43,53,1,102
33562.0,33,59,51,3,91
57642.0,24,52,679,1,88
58554.0,55,54,586,2,112
63777.0,87,43,653,2,106
57967.0,39,60,468,1,106
24434.0,9,50,50,2,92
11012.0,82,38,84,1,106
44802.0,71,52,1049,0,113
26816.0,50,36,22,0,113
34421.0,81,48,30,1,108
61223.0,46,55,1341,1,103
64014.0,56,76,444,3,87
56981.0,91,41,1241,0,96
69245.0,8,66,843,1,96
52869.0,40,68,172,2,111
